state_code,year,total_employment,source
AL,2023,2148000,BLS_CES_2023_plus_EP_2022_2032
AL,2028,2202240,BLS_CES_2023_plus_EP_2022_2032
AL,2033,2257849,BLS_CES_2023_plus_EP_2022_2032
AL,2038,2314863,BLS_CES_2023_plus_EP_2022_2032
AL,2043,2373316,BLS_CES_2023_plus_EP_2022_2032
AL,2048,2433245,BLS_CES_2023_plus_EP_2022_2032
AL,2053,2494687,BLS_CES_2023_plus_EP_2022_2032
AL,2058,2557681,BLS_CES_2023_plus_EP_2022_2032
AK,2023,333000,BLS_CES_2023_plus_EP_2022_2032
AK,2028,338025,BLS_CES_2023_plus_EP_2022_2032
AK,2033,343126,BLS_CES_2023_plus_EP_2022_2032
AK,2038,348304,BLS_CES_2023_plus_EP_2022_2032
AK,2043,353560,BLS_CES_2023_plus_EP_2022_2032
AK,2048,358895,BLS_CES_2023_plus_EP_2022_2032
AK,2053,364311,BLS_CES_2023_plus_EP_2022_2032
AK,2058,369809,BLS_CES_2023_plus_EP_2022_2032
AZ,2023,3239000,BLS_CES_2023_plus_EP_2022_2032
AZ,2028,3455081,BLS_CES_2023_plus_EP_2022_2032
AZ,2033,3685576,BLS_CES_2023_plus_EP_2022_2032
AZ,2038,3931449,BLS_CES_2023_plus_EP_2022_2032
AZ,2043,4193724,BLS_CES_2023_plus_EP_2022_2032
AZ,2048,4473496,BLS_CES_2023_plus_EP_2022_2032
AZ,2053,4771933,BLS_CES_2023_plus_EP_2022_2032
AZ,2058,5090278,BLS_CES_2023_plus_EP_2022_2032
AR,2023,1344000,BLS_CES_2023_plus_EP_2022_2032
AR,2028,1377938,BLS_CES_2023_plus_EP_2022_2032
AR,2033,1412732,BLS_CES_2023_plus_EP_2022_2032
AR,2038,1448406,BLS_CES_2023_plus_EP_2022_2032
AR,2043,1484980,BLS_CES_2023_plus_EP_2022_2032
AR,2048,1522477,BLS_CES_2023_plus_EP_2022_2032
AR,2053,1560922,BLS_CES_2023_plus_EP_2022_2032
AR,2058,1600337,BLS_CES_2023_plus_EP_2022_2032
CA,2023,17980000,BLS_CES_2023_plus_EP_2022_2032
CA,2028,18618172,BLS_CES_2023_plus_EP_2022_2032
CA,2033,19278995,BLS_CES_2023_plus_EP_2022_2032
CA,2038,19963273,BLS_CES_2023_plus_EP_2022_2032
CA,2043,20671838,BLS_CES_2023_plus_EP_2022_2032
CA,2048,21405553,BLS_CES_2023_plus_EP_2022_2032
CA,2053,22165310,BLS_CES_2023_plus_EP_2022_2032
CA,2058,22952033,BLS_CES_2023_plus_EP_2022_2032
CO,2023,2948000,BLS_CES_2023_plus_EP_2022_2032
CO,2028,3113747,BLS_CES_2023_plus_EP_2022_2032
CO,2033,3288812,BLS_CES_2023_plus_EP_2022_2032
CO,2038,3473720,BLS_CES_2023_plus_EP_2022_2032
CO,2043,3669024,BLS_CES_2023_plus_EP_2022_2032
CO,2048,3875309,BLS_CES_2023_plus_EP_2022_2032
CO,2053,4093192,BLS_CES_2023_plus_EP_2022_2032
CO,2058,4323325,BLS_CES_2023_plus_EP_2022_2032
CT,2023,1710000,BLS_CES_2023_plus_EP_2022_2032
CT,2028,1735804,BLS_CES_2023_plus_EP_2022_2032
CT,2033,1761998,BLS_CES_2023_plus_EP_2022_2032
CT,2038,1788587,BLS_CES_2023_plus_EP_2022_2032
CT,2043,1815577,BLS_CES_2023_plus_EP_2022_2032
CT,2048,1842975,BLS_CES_2023_plus_EP_2022_2032
CT,2053,1870786,BLS_CES_2023_plus_EP_2022_2032
CT,2058,1899017,BLS_CES_2023_plus_EP_2022_2032
DE,2023,477000,BLS_CES_2023_plus_EP_2022_2032
DE,2028,491483,BLS_CES_2023_plus_EP_2022_2032
DE,2033,506405,BLS_CES_2023_plus_EP_2022_2032
DE,2038,521781,BLS_CES_2023_plus_EP_2022_2032
DE,2043,537623,BLS_CES_2023_plus_EP_2022_2032
DE,2048,553947,BLS_CES_2023_plus_EP_2022_2032
DE,2053,570766,BLS_CES_2023_plus_EP_2022_2032
DE,2058,588095,BLS_CES_2023_plus_EP_2022_2032
DC,2023,815000,BLS_CES_2023_plus_EP_2022_2032
DC,2028,835580,BLS_CES_2023_plus_EP_2022_2032
DC,2033,856679,BLS_CES_2023_plus_EP_2022_2032
DC,2038,878311,BLS_CES_2023_plus_EP_2022_2032
DC,2043,900490,BLS_CES_2023_plus_EP_2022_2032
DC,2048,923228,BLS_CES_2023_plus_EP_2022_2032
DC,2053,946541,BLS_CES_2023_plus_EP_2022_2032
DC,2058,970442,BLS_CES_2023_plus_EP_2022_2032
FL,2023,9966000,BLS_CES_2023_plus_EP_2022_2032
FL,2028,10683429,BLS_CES_2023_plus_EP_2022_2032
FL,2033,11452503,BLS_CES_2023_plus_EP_2022_2032
FL,2038,12276942,BLS_CES_2023_plus_EP_2022_2032
FL,2043,13160730,BLS_CES_2023_plus_EP_2022_2032
FL,2048,14108140,BLS_CES_2023_plus_EP_2022_2032
FL,2053,15123751,BLS_CES_2023_plus_EP_2022_2032
FL,2058,16212475,BLS_CES_2023_plus_EP_2022_2032
GA,2023,4879000,BLS_CES_2023_plus_EP_2022_2032
GA,2028,5153314,BLS_CES_2023_plus_EP_2022_2032
GA,2033,5443051,BLS_CES_2023_plus_EP_2022_2032
GA,2038,5749077,BLS_CES_2023_plus_EP_2022_2032
GA,2043,6072310,BLS_CES_2023_plus_EP_2022_2032
GA,2048,6413716,BLS_CES_2023_plus_EP_2022_2032
GA,2053,6774317,BLS_CES_2023_plus_EP_2022_2032
GA,2058,7155192,BLS_CES_2023_plus_EP_2022_2032
HI,2023,643000,BLS_CES_2023_plus_EP_2022_2032
HI,2028,659237,BLS_CES_2023_plus_EP_2022_2032
HI,2033,675883,BLS_CES_2023_plus_EP_2022_2032
HI,2038,692950,BLS_CES_2023_plus_EP_2022_2032
HI,2043,710448,BLS_CES_2023_plus_EP_2022_2032
HI,2048,728388,BLS_CES_2023_plus_EP_2022_2032
HI,2053,746780,BLS_CES_2023_plus_EP_2022_2032
HI,2058,765637,BLS_CES_2023_plus_EP_2022_2032
ID,2023,822000,BLS_CES_2023_plus_EP_2022_2032
ID,2028,876837,BLS_CES_2023_plus_EP_2022_2032
ID,2033,935333,BLS_CES_2023_plus_EP_2022_2032
ID,2038,997731,BLS_CES_2023_plus_EP_2022_2032
ID,2043,1064292,BLS_CES_2023_plus_EP_2022_2032
ID,2048,1135293,BLS_CES_2023_plus_EP_2022_2032
ID,2053,1211031,BLS_CES_2023_plus_EP_2022_2032
ID,2058,1291821,BLS_CES_2023_plus_EP_2022_2032
IL,2023,6169000,BLS_CES_2023_plus_EP_2022_2032
IL,2028,6230937,BLS_CES_2023_plus_EP_2022_2032
IL,2033,6293496,BLS_CES_2023_plus_EP_2022_2032
IL,2038,6356684,BLS_CES_2023_plus_EP_2022_2032
IL,2043,6420505,BLS_CES_2023_plus_EP_2022_2032
IL,2048,6484968,BLS_CES_2023_plus_EP_2022_2032
IL,2053,6550077,BLS_CES_2023_plus_EP_2022_2032
IL,2058,6615840,BLS_CES_2023_plus_EP_2022_2032
IN,2023,3222000,BLS_CES_2023_plus_EP_2022_2032
IN,2028,3303360,BLS_CES_2023_plus_EP_2022_2032
IN,2033,3386774,BLS_CES_2023_plus_EP_2022_2032
IN,2038,3472294,BLS_CES_2023_plus_EP_2022_2032
IN,2043,3559974,BLS_CES_2023_plus_EP_2022_2032
IN,2048,3649867,BLS_CES_2023_plus_EP_2022_2032
IN,2053,3742031,BLS_CES_2023_plus_EP_2022_2032
IN,2058,3836522,BLS_CES_2023_plus_EP_2022_2032
IA,2023,1607000,BLS_CES_2023_plus_EP_2022_2032
IA,2028,1639398,BLS_CES_2023_plus_EP_2022_2032
IA,2033,1672449,BLS_CES_2023_plus_EP_2022_2032
IA,2038,1706167,BLS_CES_2023_plus_EP_2022_2032
IA,2043,1740565,BLS_CES_2023_plus_EP_2022_2032
IA,2048,1775655,BLS_CES_2023_plus_EP_2022_2032
IA,2053,1811454,BLS_CES_2023_plus_EP_2022_2032
IA,2058,1847974,BLS_CES_2023_plus_EP_2022_2032
KS,2023,1440000,BLS_CES_2023_plus_EP_2022_2032
KS,2028,1469031,BLS_CES_2023_plus_EP_2022_2032
KS,2033,1498648,BLS_CES_2023_plus_EP_2022_2032
KS,2038,1528862,BLS_CES_2023_plus_EP_2022_2032
KS,2043,1559684,BLS_CES_2023_plus_EP_2022_2032
KS,2048,1591129,BLS_CES_2023_plus_EP_2022_2032
KS,2053,1623207,BLS_CES_2023_plus_EP_2022_2032
KS,2058,1655932,BLS_CES_2023_plus_EP_2022_2032
KY,2023,2018000,BLS_CES_2023_plus_EP_2022_2032
KY,2028,2058684,BLS_CES_2023_plus_EP_2022_2032
KY,2033,2100189,BLS_CES_2023_plus_EP_2022_2032
KY,2038,2142530,BLS_CES_2023_plus_EP_2022_2032
KY,2043,2185724,BLS_CES_2023_plus_EP_2022_2032
KY,2048,2229790,BLS_CES_2023_plus_EP_2022_2032
KY,2053,2274744,BLS_CES_2023_plus_EP_2022_2032
KY,2058,2320604,BLS_CES_2023_plus_EP_2022_2032
LA,2023,1976000,BLS_CES_2023_plus_EP_2022_2032
LA,2028,1995839,BLS_CES_2023_plus_EP_2022_2032
LA,2033,2015878,BLS_CES_2023_plus_EP_2022_2032
LA,2038,2036117,BLS_CES_2023_plus_EP_2022_2032
LA,2043,2056560,BLS_CES_2023_plus_EP_2022_2032
LA,2048,2077208,BLS_CES_2023_plus_EP_2022_2032
LA,2053,2098063,BLS_CES_2023_plus_EP_2022_2032
LA,2058,2119128,BLS_CES_2023_plus_EP_2022_2032
ME,2023,651000,BLS_CES_2023_plus_EP_2022_2032
ME,2028,660824,BLS_CES_2023_plus_EP_2022_2032
ME,2033,670796,BLS_CES_2023_plus_EP_2022_2032
ME,2038,680918,BLS_CES_2023_plus_EP_2022_2032
ME,2043,691194,BLS_CES_2023_plus_EP_2022_2032
ME,2048,701624,BLS_CES_2023_plus_EP_2022_2032
ME,2053,712211,BLS_CES_2023_plus_EP_2022_2032
ME,2058,722959,BLS_CES_2023_plus_EP_2022_2032
MD,2023,2807000,BLS_CES_2023_plus_EP_2022_2032
MD,2028,2892227,BLS_CES_2023_plus_EP_2022_2032
MD,2033,2980041,BLS_CES_2023_plus_EP_2022_2032
MD,2038,3070521,BLS_CES_2023_plus_EP_2022_2032
MD,2043,3163749,BLS_CES_2023_plus_EP_2022_2032
MD,2048,3259807,BLS_CES_2023_plus_EP_2022_2032
MD,2053,3358782,BLS_CES_2023_plus_EP_2022_2032
MD,2058,3460762,BLS_CES_2023_plus_EP_2022_2032
MA,2023,3722000,BLS_CES_2023_plus_EP_2022_2032
MA,2028,3835008,BLS_CES_2023_plus_EP_2022_2032
MA,2033,3951447,BLS_CES_2023_plus_EP_2022_2032
MA,2038,4071422,BLS_CES_2023_plus_EP_2022_2032
MA,2043,4195039,BLS_CES_2023_plus_EP_2022_2032
MA,2048,4322409,BLS_CES_2023_plus_EP_2022_2032
MA,2053,4453647,BLS_CES_2023_plus_EP_2022_2032
MA,2058,4588869,BLS_CES_2023_plus_EP_2022_2032
MI,2023,4504000,BLS_CES_2023_plus_EP_2022_2032
MI,2028,4571967,BLS_CES_2023_plus_EP_2022_2032
MI,2033,4640959,BLS_CES_2023_plus_EP_2022_2032
MI,2038,4710992,BLS_CES_2023_plus_EP_2022_2032
MI,2043,4782082,BLS_CES_2023_plus_EP_2022_2032
MI,2048,4854245,BLS_CES_2023_plus_EP_2022_2032
MI,2053,4927497,BLS_CES_2023_plus_EP_2022_2032
MI,2058,5001854,BLS_CES_2023_plus_EP_2022_2032
MN,2023,2999000,BLS_CES_2023_plus_EP_2022_2032
MN,2028,3090056,BLS_CES_2023_plus_EP_2022_2032
MN,2033,3183877,BLS_CES_2023_plus_EP_2022_2032
MN,2038,3280546,BLS_CES_2023_plus_EP_2022_2032
MN,2043,3380151,BLS_CES_2023_plus_EP_2022_2032
MN,2048,3482780,BLS_CES_2023_plus_EP_2022_2032
MN,2053,3588524,BLS_CES_2023_plus_EP_2022_2032
MN,2058,3697480,BLS_CES_2023_plus_EP_2022_2032
MS,2023,1181000,BLS_CES_2023_plus_EP_2022_2032
MS,2028,1198822,BLS_CES_2023_plus_EP_2022_2032
MS,2033,1216912,BLS_CES_2023_plus_EP_2022_2032
MS,2038,1235276,BLS_CES_2023_plus_EP_2022_2032
MS,2043,1253916,BLS_CES_2023_plus_EP_2022_2032
MS,2048,1272838,BLS_CES_2023_plus_EP_2022_2032
MS,2053,1292046,BLS_CES_2023_plus_EP_2022_2032
MS,2058,1311543,BLS_CES_2023_plus_EP_2022_2032
MO,2023,2960000,BLS_CES_2023_plus_EP_2022_2032
MO,2028,3019675,BLS_CES_2023_plus_EP_2022_2032
MO,2033,3080554,BLS_CES_2023_plus_EP_2022_2032
MO,2038,3142660,BLS_CES_2023_plus_EP_2022_2032
MO,2043,3206018,BLS_CES_2023_plus_EP_2022_2032
MO,2048,3270653,BLS_CES_2023_plus_EP_2022_2032
MO,2053,3336592,BLS_CES_2023_plus_EP_2022_2032
MO,2058,3403860,BLS_CES_2023_plus_EP_2022_2032
MT,2023,510000,BLS_CES_2023_plus_EP_2022_2032
MT,2028,528102,BLS_CES_2023_plus_EP_2022_2032
MT,2033,546846,BLS_CES_2023_plus_EP_2022_2032
MT,2038,566255,BLS_CES_2023_plus_EP_2022_2032
MT,2043,586354,BLS_CES_2023_plus_EP_2022_2032
MT,2048,607165,BLS_CES_2023_plus_EP_2022_2032
MT,2053,628716,BLS_CES_2023_plus_EP_2022_2032
MT,2058,651031,BLS_CES_2023_plus_EP_2022_2032
NE,2023,1038000,BLS_CES_2023_plus_EP_2022_2032
NE,2028,1064211,BLS_CES_2023_plus_EP_2022_2032
NE,2033,1091083,BLS_CES_2023_plus_EP_2022_2032
NE,2038,1118635,BLS_CES_2023_plus_EP_2022_2032
NE,2043,1146882,BLS_CES_2023_plus_EP_2022_2032
NE,2048,1175842,BLS_CES_2023_plus_EP_2022_2032
NE,2053,1205533,BLS_CES_2023_plus_EP_2022_2032
NE,2058,1235975,BLS_CES_2023_plus_EP_2022_2032
NV,2023,1511000,BLS_CES_2023_plus_EP_2022_2032
NV,2028,1611802,BLS_CES_2023_plus_EP_2022_2032
NV,2033,1719329,BLS_CES_2023_plus_EP_2022_2032
NV,2038,1834029,BLS_CES_2023_plus_EP_2022_2032
NV,2043,1956381,BLS_CES_2023_plus_EP_2022_2032
NV,2048,2086895,BLS_CES_2023_plus_EP_2022_2032
NV,2053,2226116,BLS_CES_2023_plus_EP_2022_2032
NV,2058,2374625,BLS_CES_2023_plus_EP_2022_2032
NH,2023,705000,BLS_CES_2023_plus_EP_2022_2032
NH,2028,722802,BLS_CES_2023_plus_EP_2022_2032
NH,2033,741054,BLS_CES_2023_plus_EP_2022_2032
NH,2038,759766,BLS_CES_2023_plus_EP_2022_2032
NH,2043,778951,BLS_CES_2023_plus_EP_2022_2032
NH,2048,798621,BLS_CES_2023_plus_EP_2022_2032
NH,2053,818787,BLS_CES_2023_plus_EP_2022_2032
NH,2058,839462,BLS_CES_2023_plus_EP_2022_2032
NJ,2023,4309000,BLS_CES_2023_plus_EP_2022_2032
NJ,2028,4417808,BLS_CES_2023_plus_EP_2022_2032
NJ,2033,4529363,BLS_CES_2023_plus_EP_2022_2032
NJ,2038,4643735,BLS_CES_2023_plus_EP_2022_2032
NJ,2043,4760995,BLS_CES_2023_plus_EP_2022_2032
NJ,2048,4881216,BLS_CES_2023_plus_EP_2022_2032
NJ,2053,5004473,BLS_CES_2023_plus_EP_2022_2032
NJ,2058,5130842,BLS_CES_2023_plus_EP_2022_2032
NM,2023,870000,BLS_CES_2023_plus_EP_2022_2032
NM,2028,887540,BLS_CES_2023_plus_EP_2022_2032
NM,2033,905433,BLS_CES_2023_plus_EP_2022_2032
NM,2038,923687,BLS_CES_2023_plus_EP_2022_2032
NM,2043,942309,BLS_CES_2023_plus_EP_2022_2032
NM,2048,961307,BLS_CES_2023_plus_EP_2022_2032
NM,2053,980687,BLS_CES_2023_plus_EP_2022_2032
NM,2058,1000459,BLS_CES_2023_plus_EP_2022_2032
NY,2023,9898000,BLS_CES_2023_plus_EP_2022_2032
NY,2028,10097550,BLS_CES_2023_plus_EP_2022_2032
NY,2033,10301123,BLS_CES_2023_plus_EP_2022_2032
NY,2038,10508800,BLS_CES_2023_plus_EP_2022_2032
NY,2043,10720665,BLS_CES_2023_plus_EP_2022_2032
NY,2048,10936800,BLS_CES_2023_plus_EP_2022_2032
NY,2053,11157293,BLS_CES_2023_plus_EP_2022_2032
NY,2058,11382231,BLS_CES_2023_plus_EP_2022_2032
NC,2023,4809000,BLS_CES_2023_plus_EP_2022_2032
NC,2028,5104549,BLS_CES_2023_plus_EP_2022_2032
NC,2033,5418261,BLS_CES_2023_plus_EP_2022_2032
NC,2038,5751253,BLS_CES_2023_plus_EP_2022_2032
NC,2043,6104710,BLS_CES_2023_plus_EP_2022_2032
NC,2048,6479889,BLS_CES_2023_plus_EP_2022_2032
NC,2053,6878126,BLS_CES_2023_plus_EP_2022_2032
NC,2058,7300838,BLS_CES_2023_plus_EP_2022_2032
ND,2023,432000,BLS_CES_2023_plus_EP_2022_2032
ND,2028,440709,BLS_CES_2023_plus_EP_2022_2032
ND,2033,449594,BLS_CES_2023_plus_EP_2022_2032
ND,2038,458658,BLS_CES_2023_plus_EP_2022_2032
ND,2043,467905,BLS_CES_2023_plus_EP_2022_2032
ND,2048,477339,BLS_CES_2023_plus_EP_2022_2032
ND,2053,486962,BLS_CES_2023_plus_EP_2022_2032
ND,2058,496780,BLS_CES_2023_plus_EP_2022_2032
OH,2023,5654000,BLS_CES_2023_plus_EP_2022_2032
OH,2028,5739320,BLS_CES_2023_plus_EP_2022_2032
OH,2033,5825928,BLS_CES_2023_plus_EP_2022_2032
OH,2038,5913843,BLS_CES_2023_plus_EP_2022_2032
OH,2043,6003085,BLS_CES_2023_plus_EP_2022_2032
OH,2048,6093673,BLS_CES_2023_plus_EP_2022_2032
OH,2053,6185628,BLS_CES_2023_plus_EP_2022_2032
OH,2058,6278971,BLS_CES_2023_plus_EP_2022_2032
OK,2023,1751000,BLS_CES_2023_plus_EP_2022_2032
OK,2028,1795215,BLS_CES_2023_plus_EP_2022_2032
OK,2033,1840546,BLS_CES_2023_plus_EP_2022_2032
OK,2038,1887022,BLS_CES_2023_plus_EP_2022_2032
OK,2043,1934672,BLS_CES_2023_plus_EP_2022_2032
OK,2048,1983525,BLS_CES_2023_plus_EP_2022_2032
OK,2053,2033612,BLS_CES_2023_plus_EP_2022_2032
OK,2058,2084963,BLS_CES_2023_plus_EP_2022_2032
OR,2023,1999000,BLS_CES_2023_plus_EP_2022_2032
OR,2028,2080250,BLS_CES_2023_plus_EP_2022_2032
OR,2033,2164802,BLS_CES_2023_plus_EP_2022_2032
OR,2038,2252790,BLS_CES_2023_plus_EP_2022_2032
OR,2043,2344355,BLS_CES_2023_plus_EP_2022_2032
OR,2048,2439642,BLS_CES_2023_plus_EP_2022_2032
OR,2053,2538802,BLS_CES_2023_plus_EP_2022_2032
OR,2058,2641992,BLS_CES_2023_plus_EP_2022_2032
PA,2023,6103000,BLS_CES_2023_plus_EP_2022_2032
PA,2028,6195096,BLS_CES_2023_plus_EP_2022_2032
PA,2033,6288582,BLS_CES_2023_plus_EP_2022_2032
PA,2038,6383478,BLS_CES_2023_plus_EP_2022_2032
PA,2043,6479806,BLS_CES_2023_plus_EP_2022_2032
PA,2048,6577588,BLS_CES_2023_plus_EP_2022_2032
PA,2053,6676846,BLS_CES_2023_plus_EP_2022_2032
PA,2058,6777601,BLS_CES_2023_plus_EP_2022_2032
RI,2023,510000,BLS_CES_2023_plus_EP_2022_2032
RI,2028,517696,BLS_CES_2023_plus_EP_2022_2032
RI,2033,525508,BLS_CES_2023_plus_EP_2022_2032
RI,2038,533438,BLS_CES_2023_plus_EP_2022_2032
RI,2043,541488,BLS_CES_2023_plus_EP_2022_2032
RI,2048,549659,BLS_CES_2023_plus_EP_2022_2032
RI,2053,557954,BLS_CES_2023_plus_EP_2022_2032
RI,2058,566373,BLS_CES_2023_plus_EP_2022_2032
SC,2023,2336000,BLS_CES_2023_plus_EP_2022_2032
SC,2028,2467338,BLS_CES_2023_plus_EP_2022_2032
SC,2033,2606060,BLS_CES_2023_plus_EP_2022_2032
SC,2038,2752581,BLS_CES_2023_plus_EP_2022_2032
SC,2043,2907341,BLS_CES_2023_plus_EP_2022_2032
SC,2048,3070801,BLS_CES_2023_plus_EP_2022_2032
SC,2053,3243452,BLS_CES_2023_plus_EP_2022_2032
SC,2058,3425810,BLS_CES_2023_plus_EP_2022_2032
SD,2023,462000,BLS_CES_2023_plus_EP_2022_2032
SD,2028,473666,BLS_CES_2023_plus_EP_2022_2032
SD,2033,485627,BLS_CES_2023_plus_EP_2022_2032
SD,2038,497889,BLS_CES_2023_plus_EP_2022_2032
SD,2043,510462,BLS_CES_2023_plus_EP_2022_2032
SD,2048,523352,BLS_CES_2023_plus_EP_2022_2032
SD,2053,536567,BLS_CES_2023_plus_EP_2022_2032
SD,2058,550116,BLS_CES_2023_plus_EP_2022_2032
TN,2023,3245000,BLS_CES_2023_plus_EP_2022_2032
TN,2028,3427445,BLS_CES_2023_plus_EP_2022_2032
TN,2033,3620147,BLS_CES_2023_plus_EP_2022_2032
TN,2038,3823684,BLS_CES_2023_plus_EP_2022_2032
TN,2043,4038665,BLS_CES_2023_plus_EP_2022_2032
TN,2048,4265732,BLS_CES_2023_plus_EP_2022_2032
TN,2053,4505566,BLS_CES_2023_plus_EP_2022_2032
TN,2058,4758884,BLS_CES_2023_plus_EP_2022_2032
TX,2023,14180000,BLS_CES_2023_plus_EP_2022_2032
TX,2028,15200785,BLS_CES_2023_plus_EP_2022_2032
TX,2033,16295053,BLS_CES_2023_plus_EP_2022_2032
TX,2038,17468095,BLS_CES_2023_plus_EP_2022_2032
TX,2043,18725582,BLS_CES_2023_plus_EP_2022_2032
TX,2048,20073593,BLS_CES_2023_plus_EP_2022_2032
TX,2053,21518643,BLS_CES_2023_plus_EP_2022_2032
TX,2058,23067719,BLS_CES_2023_plus_EP_2022_2032
UT,2023,1727000,BLS_CES_2023_plus_EP_2022_2032
UT,2028,1833137,BLS_CES_2023_plus_EP_2022_2032
UT,2033,1945797,BLS_CES_2023_plus_EP_2022_2032
UT,2038,2065380,BLS_CES_2023_plus_EP_2022_2032
UT,2043,2192313,BLS_CES_2023_plus_EP_2022_2032
UT,2048,2327047,BLS_CES_2023_plus_EP_2022_2032
UT,2053,2470061,BLS_CES_2023_plus_EP_2022_2032
UT,2058,2621865,BLS_CES_2023_plus_EP_2022_2032
VT,2023,313000,BLS_CES_2023_plus_EP_2022_2032
VT,2028,316143,BLS_CES_2023_plus_EP_2022_2032
VT,2033,319317,BLS_CES_2023_plus_EP_2022_2032
VT,2038,322523,BLS_CES_2023_plus_EP_2022_2032
VT,2043,325761,BLS_CES_2023_plus_EP_2022_2032
VT,2048,329031,BLS_CES_2023_plus_EP_2022_2032
VT,2053,332335,BLS_CES_2023_plus_EP_2022_2032
VT,2058,335672,BLS_CES_2023_plus_EP_2022_2032
VA,2023,4154000,BLS_CES_2023_plus_EP_2022_2032
VA,2028,4301440,BLS_CES_2023_plus_EP_2022_2032
VA,2033,4454113,BLS_CES_2023_plus_EP_2022_2032
VA,2038,4612204,BLS_CES_2023_plus_EP_2022_2032
VA,2043,4775907,BLS_CES_2023_plus_EP_2022_2032
VA,2048,4945421,BLS_CES_2023_plus_EP_2022_2032
VA,2053,5120951,BLS_CES_2023_plus_EP_2022_2032
VA,2058,5302711,BLS_CES_2023_plus_EP_2022_2032
WA,2023,3677000,BLS_CES_2023_plus_EP_2022_2032
WA,2028,3864564,BLS_CES_2023_plus_EP_2022_2032
WA,2033,4061696,BLS_CES_2023_plus_EP_2022_2032
WA,2038,4268883,BLS_CES_2023_plus_EP_2022_2032
WA,2043,4486639,BLS_CES_2023_plus_EP_2022_2032
WA,2048,4715502,BLS_CES_2023_plus_EP_2022_2032
WA,2053,4956040,BLS_CES_2023_plus_EP_2022_2032
WA,2058,5208848,BLS_CES_2023_plus_EP_2022_2032
WV,2023,716000,BLS_CES_2023_plus_EP_2022_2032
WV,2028,708869,BLS_CES_2023_plus_EP_2022_2032
WV,2033,701808,BLS_CES_2023_plus_EP_2022_2032
WV,2038,694818,BLS_CES_2023_plus_EP_2022_2032
WV,2043,687898,BLS_CES_2023_plus_EP_2022_2032
WV,2048,681046,BLS_CES_2023_plus_EP_2022_2032
WV,2053,674263,BLS_CES_2023_plus_EP_2022_2032
WV,2058,667547,BLS_CES_2023_plus_EP_2022_2032
WI,2023,3018000,BLS_CES_2023_plus_EP_2022_2032
WI,2028,3094208,BLS_CES_2023_plus_EP_2022_2032
WI,2033,3172341,BLS_CES_2023_plus_EP_2022_2032
WI,2038,3252447,BLS_CES_2023_plus_EP_2022_2032
WI,2043,3334575,BLS_CES_2023_plus_EP_2022_2032
WI,2048,3418777,BLS_CES_2023_plus_EP_2022_2032
WI,2053,3505105,BLS_CES_2023_plus_EP_2022_2032
WI,2058,3593614,BLS_CES_2023_plus_EP_2022_2032
WY,2023,295000,BLS_CES_2023_plus_EP_2022_2032
WY,2028,299452,BLS_CES_2023_plus_EP_2022_2032
WY,2033,303970,BLS_CES_2023_plus_EP_2022_2032
WY,2038,308557,BLS_CES_2023_plus_EP_2022_2032
WY,2043,313214,BLS_CES_2023_plus_EP_2022_2032
WY,2048,317940,BLS_CES_2023_plus_EP_2022_2032
WY,2053,322738,BLS_CES_2023_plus_EP_2022_2032
WY,2058,327608,BLS_CES_2023_plus_EP_2022_2032
